word,group,subsubsection,subsection,section,content
0,0,0,0,0,Vehicle
1,0,0,0,0,Modular
2,0,0,0,0,Decontamination
3,0,0,0,0,System
0,1,0,0,0,(VMDS)
0,2,0,0,0,“Version
1,2,0,0,0,B”
2,2,0,0,0,Prototype
3,2,0,0,0,System
0,3,0,0,0,OPERATOR'S
1,3,0,0,0,MANUAL
0,4,0,0,0,ELIN
1,4,0,0,0,A004
0,5,0,0,0,September
1,5,0,0,0,2019
0,6,0,0,0,"Modular,"
1,6,0,0,0,Vehicle
2,6,0,0,0,Independent
3,6,0,0,0,&
4,6,0,0,0,Transportable
5,6,0,0,0,Decontamination
6,6,0,0,0,System
0,0,0,0,1,DATE
1,0,0,0,1,REV
2,0,0,0,1,NO.
3,0,0,0,1,DESCRIPTION
4,0,0,0,1,OF
5,0,0,0,1,CHANGE
6,0,0,0,1,APPROVED
7,0,0,0,1,BY
0,1,0,0,1,08/02/2019
1,1,0,0,1,2.k
2,1,0,0,1,Operation
3,1,0,0,1,Procedures
0,2,0,0,1,Slurry
1,2,0,0,1,Operations
0,0,0,0,2,"Intelagard,"
1,0,0,0,2,Inc.
0,0,0,0,3,WARNING!
1,0,0,0,3,DEATH
2,0,0,0,3,OR
3,0,0,0,3,SEVERE
4,0,0,0,3,INJURY
5,0,0,0,3,MAY
6,0,0,0,3,RESULT
7,0,0,0,3,IF
8,0,0,0,3,PERSONNEL
9,0,0,0,3,FAIL
10,0,0,0,3,TO
11,0,0,0,3,OBSERVE
12,0,0,0,3,WARNINGS
0,0,0,0,4,ADDITIONAL
1,0,0,0,4,WARNINGS
2,0,0,0,4,ARE
3,0,0,0,4,LOCATED
4,0,0,0,4,TROUGHOUT
5,0,0,0,4,THIS
6,0,0,0,4,MANUAL
0,1,0,0,4,WARNING
1,1,0,0,4,SUMMARY
2,1,0,0,4,-
3,1,0,0,4,Continued
0,2,0,0,4,VMDS.
0,0,0,0,5,ADDITIONAL
1,0,0,0,5,SYSTEM
2,0,0,0,5,PERFORMANCE
3,0,0,0,5,CHARACTERISTICS:
0,0,0,0,6,Serial
1,0,0,0,6,Number
2,0,0,0,6,Locations
0,1,0,0,6,VMDS
1,1,0,0,6,Power
2,1,0,0,6,Unit
3,1,0,0,6,Serial
4,1,0,0,6,No:
5,1,0,0,6,____________________________
0,2,0,0,6,VMDS
1,2,0,0,6,Tank
2,2,0,0,6,Serial
3,2,0,0,6,No:
4,2,0,0,6,______________________________
0,3,0,0,6,VMDS
1,3,0,0,6,Monitor
2,3,0,0,6,Serial
3,3,0,0,6,No:
4,3,0,0,6,_______________________
0,4,0,0,6,VMDS
1,4,0,0,6,Spray
2,4,0,0,6,Monitor
3,4,0,0,6,Stanchion
4,4,0,0,6,Serial
5,4,0,0,6,No:
6,4,0,0,6,_______________________
0,5,0,0,6,VMDS
1,5,0,0,6,Front
2,5,0,0,6,Spray
3,5,0,0,6,Bar
4,5,0,0,6,(FSB)
5,5,0,0,6,Serial
6,5,0,0,6,No:
7,5,0,0,6,_______________________
0,6,0,0,6,VMDS
1,6,0,0,6,Rear
2,6,0,0,6,Spray
3,6,0,0,6,Bar
4,6,0,0,6,(RSB)
5,6,0,0,6,Serial
6,6,0,0,6,No:
7,6,0,0,6,_______________________
0,0,0,1,6,Figure
1,0,0,1,6,5.
2,0,0,1,6,Engine
0,1,0,1,6,Figure
1,1,0,1,6,6.
2,1,0,1,6,Compressor
0,2,0,1,6,Pneumatic
1,2,0,1,6,Pump
2,2,0,1,6,:
0,3,0,1,6,Programmable
1,3,0,1,6,Logic
2,3,0,1,6,Control
0,4,0,1,6,Pre-programmed
0,5,0,1,6,Parker/Racor
1,5,0,1,6,R20P
0,6,0,1,6,Figure
1,6,0,1,6,10.
2,6,0,1,6,Fuel/Water
3,6,0,1,6,Separator
0,7,0,1,6,Power
1,7,0,1,6,Unit
2,7,0,1,6,Platform
0,8,0,1,6,WARNING:
1,8,0,1,6,WHEN
2,8,0,1,6,USING
3,8,0,1,6,A
4,8,0,1,6,FORKLIFT
5,8,0,1,6,TO
6,8,0,1,6,LIFT
7,8,0,1,6,THE
8,8,0,1,6,POWER
9,8,0,1,6,UNIT
10,8,0,1,6,"PLATFORM,"
11,8,0,1,6,EXTENDED
12,8,0,1,6,FORKS
13,8,0,1,6,(AT
14,8,0,1,6,LEAST
15,8,0,1,6,72
16,8,0,1,6,INCHES
17,8,0,1,6,LONG)
18,8,0,1,6,MUST
19,8,0,1,6,BE
20,8,0,1,6,USED.
21,8,0,1,6,INSERT
22,8,0,1,6,FORKS
23,8,0,1,6,UNDER
24,8,0,1,6,THE
25,8,0,1,6,POWER
26,8,0,1,6,UNIT
27,8,0,1,6,PLATFORM
28,8,0,1,6,FOR
29,8,0,1,6,PROPER
30,8,0,1,6,WEIGHT
31,8,0,1,6,DISTRIBUTION!
32,8,0,1,6,FAILURE
33,8,0,1,6,TO
34,8,0,1,6,USE
35,8,0,1,6,THE
36,8,0,1,6,CORRECT
37,8,0,1,6,FORKS
38,8,0,1,6,MAY
39,8,0,1,6,RESULT
40,8,0,1,6,IN
41,8,0,1,6,INJURY
42,8,0,1,6,AND
43,8,0,1,6,SYSTEM
44,8,0,1,6,DAMAGE.
0,0,1,1,6,Plastic
1,0,1,1,6,Guides
0,1,1,1,6,Inspection/Cleanout
1,1,1,1,6,Ports
0,2,1,1,6,Figure
1,2,1,1,6,13.
2,2,1,1,6,Inspection/Cleanout
3,2,1,1,6,Ports
0,3,1,1,6,Figure
1,3,1,1,6,14.
2,3,1,1,6,Tank
3,3,1,1,6,Level
4,3,1,1,6,Inspection
5,3,1,1,6,Port/Dipstick
0,0,2,1,6,Monitor
1,0,2,1,6,Hose
2,0,2,1,6,(Purple)
3,0,2,1,6,Connection
0,1,2,1,6,‘Blabber’/Actuator
0,2,2,1,6,Stream
1,2,2,1,6,&
2,2,2,1,6,Fog
3,2,2,1,6,Nozzle
0,3,2,1,6,Halo
0,4,2,1,6,Small
1,4,2,1,6,Junction
2,4,2,1,6,Box
0,5,2,1,6,Figure
1,5,2,1,6,25.
2,5,2,1,6,Monitor
3,5,2,1,6,Control
4,5,2,1,6,Hand
5,5,2,1,6,Wheel
6,5,2,1,6,Knobs
0,6,2,1,6,Figure
1,6,2,1,6,26.
2,6,2,1,6,Remote
3,6,2,1,6,Control
4,6,2,1,6,Joystick
5,6,2,1,6,Face
6,6,2,1,6,Plate
0,7,2,1,6,Stanchion
0,8,2,1,6,Manual
1,8,2,1,6,Control
2,8,2,1,6,Hand
3,8,2,1,6,Wheel
4,8,2,1,6,Knob
5,8,2,1,6,Left/Right
0,9,2,1,6,Manual
1,9,2,1,6,Control
2,9,2,1,6,Hand
3,9,2,1,6,Wheel
4,9,2,1,6,Knob
5,9,2,1,6,Up/Down
0,0,0,0,7,REF
1,0,0,0,7,#
2,0,0,0,7,Control/Indicator
3,0,0,0,7,Function
0,1,0,0,7,Air
1,1,0,0,7,Compressor
2,1,0,0,7,Gauges
0,2,0,0,7,Oil
1,2,0,0,7,Temperature
2,2,0,0,7,(max
3,2,0,0,7,318
4,2,0,0,7,o
5,2,0,0,7,F)
0,3,0,0,7,Selector
1,3,0,0,7,Valves
2,3,0,0,7,1
3,3,0,0,7,&
4,3,0,0,7,2
0,4,0,0,7,Air
1,4,0,0,7,Compressor
2,4,0,0,7,Gauges
0,5,0,0,7,Pump
1,5,0,0,7,Control
2,5,0,0,7,Valve
0,6,0,0,7,Programmable
1,6,0,0,7,Logic
2,6,0,0,7,Control
0,7,0,0,7,7.
1,7,0,0,7,Air
2,7,0,0,7,Control
3,7,0,0,7,Valve
0,8,0,0,7,Selector
1,8,0,0,7,Valves
2,8,0,0,7,1
3,8,0,0,7,&
4,8,0,0,7,2
0,9,0,0,7,PUSH
1,9,0,0,7,TO
2,9,0,0,7,TURN
3,9,0,0,7,(FUNCTIONS)
0,10,0,0,7,Warning
1,10,0,0,7,LED
2,10,0,0,7,Lights
0,11,0,0,7,Serial
1,11,0,0,7,Number
0,12,0,0,7,Warning/Operations
1,12,0,0,7,Labels
0,13,0,0,7,REF
1,13,0,0,7,#
2,13,0,0,7,Control/Indicator
3,13,0,0,7,Function
0,14,0,0,7,Line
1,14,0,0,7,1
2,14,0,0,7,Discharge
0,15,0,0,7,Main
1,15,0,0,7,Access
2,15,0,0,7,Panel
0,16,0,0,7,Engine
1,16,0,0,7,Oil
2,16,0,0,7,Drain
0,17,0,0,7,Compressor
1,17,0,0,7,Air
2,17,0,0,7,Ports
0,18,0,0,7,Line
1,18,0,0,7,2
2,18,0,0,7,Discharge
0,19,0,0,7,Draft
1,19,0,0,7,Input
0,20,0,0,7,Fuel
1,20,0,0,7,Cap/Gauge
0,21,0,0,7,REF
1,21,0,0,7,#
2,21,0,0,7,Control/Indicator
3,21,0,0,7,Function
0,22,0,0,7,Tie
1,22,0,0,7,Down
0,23,0,0,7,Tie
1,23,0,0,7,Down
0,24,0,0,7,Side
1,24,0,0,7,Access
2,24,0,0,7,Panel
0,25,0,0,7,Compressor
1,25,0,0,7,Oil
2,25,0,0,7,Sight
3,25,0,0,7,Glasses
0,26,0,0,7,Compressor
1,26,0,0,7,Oil
2,26,0,0,7,Drain
0,27,0,0,7,Do
1,27,0,0,7,Not
2,27,0,0,7,Touch
3,27,0,0,7,Contact
4,27,0,0,7,CLS
0,28,0,0,7,Cooling
1,28,0,0,7,Fan
0,29,0,0,7,REF
1,29,0,0,7,#
2,29,0,0,7,Control/Indicator
3,29,0,0,7,Function
0,30,0,0,7,Monitor
1,30,0,0,7,Electrical
2,30,0,0,7,Connection
0,31,0,0,7,Agitator
0,32,0,0,7,Draft
1,32,0,0,7,Output
0,33,0,0,7,Front
1,33,0,0,7,Spray
2,33,0,0,7,Bar
0,34,0,0,7,Rear
1,34,0,0,7,Spray
2,34,0,0,7,Bar
0,35,0,0,7,Monitor
0,36,0,0,7,Fuel
1,36,0,0,7,Input
0,37,0,0,7,Fuel
1,37,0,0,7,Output
0,38,0,0,7,Radiator
1,38,0,0,7,Cap
0,39,0,0,7,Radiator
1,39,0,0,7,Air
2,39,0,0,7,Intake
0,40,0,0,7,REF
1,40,0,0,7,#
2,40,0,0,7,Control/Indicator
3,40,0,0,7,Function
0,41,0,0,7,Tie
1,41,0,0,7,Down
0,42,0,0,7,Tie
1,42,0,0,7,Down
0,43,0,0,7,Battery
1,43,0,0,7,Box
0,44,0,0,7,Pump
1,44,0,0,7,Access
2,44,0,0,7,Panel
0,45,0,0,7,Figure
1,45,0,0,7,39.
2,45,0,0,7,Tank
3,45,0,0,7,Connection
4,45,0,0,7,Points
0,46,0,0,7,REF
1,46,0,0,7,#
2,46,0,0,7,Control/Indicator
3,46,0,0,7,Function
0,47,0,0,7,Agitator
1,47,0,0,7,Connector
0,48,0,0,7,Hopper/Blender
1,48,0,0,7,Connector
0,49,0,0,7,Fluid
1,49,0,0,7,Out/Drain
2,49,0,0,7,Valve
0,50,0,0,7,Tank
1,50,0,0,7,Selector
2,50,0,0,7,Valve
0,51,0,0,7,REF
1,51,0,0,7,#
2,51,0,0,7,Control/Indicator
3,51,0,0,7,Function
0,52,0,0,7,‘Blabber’
1,52,0,0,7,Tip
0,53,0,0,7,Stream
1,53,0,0,7,&
2,53,0,0,7,Fog
3,53,0,0,7,Nozzle
0,54,0,0,7,Monitor
1,54,0,0,7,Hose
2,54,0,0,7,Connection
0,55,0,0,7,Halo
0,56,0,0,7,Manual
1,56,0,0,7,Control
2,56,0,0,7,Up/Down
0,57,0,0,7,Manual
1,57,0,0,7,Control
2,57,0,0,7,Left/Right
0,58,0,0,7,Small
1,58,0,0,7,Junction
2,58,0,0,7,Box
0,59,0,0,7,Stanchion
1,59,0,0,7,Pin
0,60,0,0,7,REF
1,60,0,0,7,#
2,60,0,0,7,Control/Indicator
3,60,0,0,7,Function
0,0,0,1,7,SELECTOR
1,0,0,1,7,1
0,1,0,1,7,Stream/Fog
1,1,0,1,7,Indicator
0,2,0,1,7,Water
1,2,0,1,7,Valve
2,2,0,1,7,On/Off
0,3,0,1,7,Power
1,3,0,1,7,On/Off
0,4,0,1,7,Joystick
0,5,0,1,7,Power
1,5,0,1,7,LED
0,6,0,1,7,SELECTOR
1,6,0,1,7,2
0,0,0,2,7,Figure
1,0,0,2,7,43.
2,0,0,2,7,Programmable
3,0,0,2,7,Logic
4,0,0,2,7,Control
5,0,0,2,7,(PLC)
0,1,0,2,7,Main
1,1,0,2,7,Status
2,1,0,2,7,Display
0,2,0,2,7,Start
0,3,0,2,7,LED
1,3,0,2,7,Indicator
2,3,0,2,7,Lights
0,4,0,2,7,Common
1,4,0,2,7,Alarm
2,4,0,2,7,Indicator
0,5,0,2,7,Navigation
1,5,0,2,7,Button
0,6,0,2,7,Auto
1,6,0,2,7,Select
2,6,0,2,7,Mode
0,7,0,2,7,REF
1,7,0,2,7,#
2,7,0,2,7,Control
3,7,0,2,7,/
4,7,0,2,7,Indicator
5,7,0,2,7,Function
0,0,0,0,8,Skid
1,0,0,0,8,Cutouts
0,0,0,1,8,4-Way
1,0,0,1,8,Modular
2,0,0,1,8,Skid
0,1,0,1,8,Tank
1,1,0,1,8,Selector
2,1,0,1,8,Valve
3,1,0,1,8,Trailer
4,1,0,1,8,Position
0,2,0,1,8,Tank
1,2,0,1,8,Selector
2,2,0,1,8,Valve
3,2,0,1,8,Truck
4,2,0,1,8,Position
0,3,0,1,8,Figure
1,3,0,1,8,46.
2,3,0,1,8,Tank
3,3,0,1,8,Selector
4,3,0,1,8,Valve
0,0,0,2,8,Agitator
1,0,0,2,8,Input
0,0,0,3,8,-
1,0,0,3,8,NATO
2,0,0,3,8,Slave
3,0,0,3,8,Connector
4,0,0,3,8,–
5,0,0,3,8,"Inverter,"
6,0,0,3,8,Heavy
7,0,0,3,8,Duty
0,1,0,3,8,Figure
1,1,0,3,8,49.
2,1,0,3,8,De-Icer
3,1,0,3,8,Kit
4,1,0,3,8,Components
0,0,0,0,9,Quantity
1,0,0,0,9,Control
2,0,0,0,9,Function
0,1,0,0,9,Stainless
1,1,0,0,9,Steel
2,1,0,0,9,Smoothbore
3,1,0,0,9,Nozzles
0,2,0,0,9,2-in-1
1,2,0,0,9,Flip-Tip
2,2,0,0,9,Smoothbore
3,2,0,0,9,Nozzle
0,3,0,0,9,SPRAYING.
1,3,0,0,9,THIS
2,3,0,0,9,WILL
3,3,0,0,9,DAMAGE
4,3,0,0,9,THE
5,3,0,0,9,THREADS
6,3,0,0,9,.
0,4,0,0,9,Monitor
1,4,0,0,9,Stream
2,4,0,0,9,&
3,4,0,0,9,Fog
4,4,0,0,9,Nozzle
0,5,0,0,9,NOTE**
0,6,0,0,9,A
1,6,0,0,9,NOZZLE
2,6,0,0,9,MUST
3,6,0,0,9,BE
4,6,0,0,9,ATTACHED
5,6,0,0,9,TO
6,6,0,0,9,THE
7,6,0,0,9,HANDSET
8,6,0,0,9,AT
9,6,0,0,9,ALL
10,6,0,0,9,TIMES
11,6,0,0,9,FOR
12,6,0,0,9,PROPER
13,6,0,0,9,OPERATION.
0,7,0,0,9,Monitor
1,7,0,0,9,Stream
2,7,0,0,9,&
3,7,0,0,9,Fog
4,7,0,0,9,Nozzle
0,8,0,0,9,Stainless-steel
1,8,0,0,9,Fogging
2,8,0,0,9,Nozzle
0,0,0,0,10,METHOD
1,0,0,0,10,OF
2,0,0,0,10,SECURING
3,0,0,0,10,THE
4,0,0,0,10,TANK
5,0,0,0,10,TO
6,0,0,0,10,THE
7,0,0,0,10,TRUCK/TRAILER
8,0,0,0,10,IS
9,0,0,0,10,AUTHORIZED:
0,0,0,1,10,Power
1,0,0,1,10,Unit
2,0,0,1,10,Tie
3,0,0,1,10,Down
4,0,0,1,10,Locations
0,1,0,1,10,Adjustable
1,1,0,1,10,Slide
2,1,0,1,10,Bracket
0,2,0,1,10,Adjustable
1,2,0,1,10,Slide
2,2,0,1,10,Bracket
3,2,0,1,10,Placement
0,3,0,1,10,Front
1,3,0,1,10,Spray
2,3,0,1,10,Bar
3,3,0,1,10,-
4,3,0,1,10,TRUCK
0,4,0,1,10,SHORT
0,5,0,1,10,(RSB)
0,0,0,2,10,Davit
1,0,0,2,10,Pocket
0,1,0,2,10,Davit
1,1,0,2,10,Pocket
2,1,0,2,10,Cover
0,2,0,2,10,Davit
1,2,0,2,10,Pocket
2,2,0,2,10,Pin
3,2,0,2,10,Placement
0,3,0,2,10,Hole
0,4,0,2,10,Re-Insert
1,4,0,2,10,Pin
0,5,0,2,10,Davit
1,5,0,2,10,Pocket
2,5,0,2,10,Pin
0,0,0,3,10,OPERATIONS)
0,1,0,3,10,Figure
1,1,0,3,10,58.
2,1,0,3,10,Remote
3,1,0,3,10,Control
4,1,0,3,10,Monitor
5,1,0,3,10,Electrical
6,1,0,3,10,Connection
0,2,0,3,10,Power
1,2,0,3,10,Unit
2,2,0,3,10,(REAR
3,2,0,3,10,PANEL)
0,3,0,3,10,Monitor
1,3,0,3,10,Remote
2,3,0,3,10,Connection
3,3,0,3,10,Port
0,4,0,3,10,Remote
1,4,0,3,10,Wire-Thru-
2,4,0,3,10,Cab
3,4,0,3,10,Entry
4,4,0,3,10,Point
5,4,0,3,10,–
6,4,0,3,10,Passenger
7,4,0,3,10,Side
8,4,0,3,10,Window
0,0,0,0,11,Figure
1,0,0,0,11,60.
2,0,0,0,11,Fuel/Water
3,0,0,0,11,Separator
4,0,0,0,11,Placement
0,1,0,0,11,Engine
1,1,0,0,11,Oil
2,1,0,0,11,Dipstick
0,2,0,0,11,Engine/Compressor
1,2,0,0,11,Drive
2,2,0,0,11,Belt
0,3,0,0,11,Alternator
1,3,0,0,11,Belt
0,4,0,0,11,Belt
1,4,0,0,11,Tension
0,5,0,0,11,½
1,5,0,0,11,Twist
2,5,0,0,11,ONLY
0,6,0,0,11,Figure
1,6,0,0,11,61.
2,6,0,0,11,Fuel/Water
3,6,0,0,11,Separator
0,7,0,0,11,Integrated
1,7,0,0,11,Fuel
2,7,0,0,11,Primer
3,7,0,0,11,Pump
4,7,0,0,11,Knob
0,8,0,0,11,Drain
1,8,0,0,11,Cock
0,9,0,0,11,Changeable
1,9,0,0,11,Filter
2,9,0,0,11,Body
0,10,0,0,11,Plastic
1,10,0,0,11,Bowl
2,10,0,0,11,Separator
0,11,0,0,11,DO
1,11,0,0,11,NOT
2,11,0,0,11,DISPOSE
3,11,0,0,11,OF
0,12,0,0,11,THE
1,12,0,0,11,SEPARATOR
2,12,0,0,11,–
3,12,0,0,11,IT
0,13,0,0,11,IS
1,13,0,0,11,REUSEABLE
0,14,0,0,11,ENGINE
1,14,0,0,11,SERVICE
2,14,0,0,11,INTERVALS
0,15,0,0,11,OIL
1,15,0,0,11,CHANGE
2,15,0,0,11,INTERVAL:
0,0,0,1,11,Compressor
1,0,0,1,11,Oil
2,0,0,1,11,Fill
0,1,0,1,11,Compressor
1,1,0,1,11,Oil
2,1,0,1,11,Sight
3,1,0,1,11,Glasses
0,2,0,1,11,Compressor
1,2,0,1,11,Air
2,2,0,1,11,Intake
3,2,0,1,11,Filter
4,2,0,1,11,Cover
5,2,0,1,11,Clips
0,3,0,1,11,Compressor
1,3,0,1,11,Outer
2,3,0,1,11,Air
3,3,0,1,11,Intake
4,3,0,1,11,Filter
0,4,0,1,11,Compressor
1,4,0,1,11,Inner
2,4,0,1,11,Air
3,4,0,1,11,Intake
4,4,0,1,11,Filter
0,0,0,2,11,Compressor
1,0,0,2,11,Oil/Air
2,0,0,2,11,Filter
0,1,0,2,11,Compressor
1,1,0,2,11,Oil
2,1,0,2,11,Filter
0,2,0,2,11,Limit
1,2,0,2,11,Switch
0,3,0,2,11,Gauge
1,3,0,2,11,Needle
0,0,0,3,11,Figure
1,0,0,3,11,70.
2,0,0,3,11,Fuel
3,0,0,3,11,Line
4,0,0,3,11,Connections
0,0,0,4,11,Figure
1,0,0,4,11,69.
2,0,0,4,11,Battery
3,0,0,4,11,Terminals
0,1,0,4,11,Fluid
1,1,0,4,11,Input
0,2,0,4,11,Fluid
1,2,0,4,11,In/Drain
0,3,0,4,11,Draft
1,3,0,4,11,Input
0,4,0,4,11,Hopper
1,4,0,4,11,Blender
2,4,0,4,11,Cover
0,0,0,0,12,Stop/Emergency
1,0,0,0,12,Stop
0,0,0,1,12,Fluid
1,0,0,1,12,Out
2,0,0,1,12,Fluid
3,0,0,1,12,In
0,1,0,1,12,Power
1,1,0,1,12,Unit
0,2,0,1,12,Trailer
1,2,0,1,12,Hopper/Blender
0,3,0,1,12,Suction
1,3,0,1,12,Main
2,3,0,1,12,Hose
0,4,0,1,12,Truck
1,4,0,1,12,Hopper/Blender
0,5,0,1,12,Truck
1,5,0,1,12,Tank
0,6,0,1,12,Agitator
1,6,0,1,12,Trailer
0,7,0,1,12,Fluid
1,7,0,1,12,Out
2,7,0,1,12,Trailer
3,7,0,1,12,Trailer
4,7,0,1,12,Tank
0,8,0,1,12,Fluid
1,8,0,1,12,Out
2,8,0,1,12,Truck
0,9,0,1,12,Agitator
1,9,0,1,12,Truck
2,9,0,1,12,Tank
0,0,1,1,12,7.2.2.1
1,0,1,1,12,Draft
2,0,1,1,12,Fill:
0,1,1,1,12,Start
1,1,1,1,12,Power
2,1,1,1,12,Unit
3,1,1,1,12,(4);
0,2,1,1,12,Fill
1,2,1,1,12,tank
0,3,1,1,12,Hydrant
1,3,1,1,12,Fill:
0,0,2,1,12,Filter
1,0,2,1,12,Basket
0,1,2,1,12,Start
1,1,2,1,12,Power
2,1,2,1,12,Unit
3,1,2,1,12,(4);
0,0,3,1,12,Start
1,0,3,1,12,Power
2,0,3,1,12,Unit
3,0,3,1,12,(4);
0,0,4,1,12,Tank
1,0,4,1,12,Selector
2,0,4,1,12,Valve
3,0,4,1,12,(Pull
4,0,4,1,12,From
5,0,4,1,12,Trailer)
6,0,4,1,12,Tank)
7,0,4,1,12,Trailer
8,0,4,1,12,Position
0,1,4,1,12,Tank
1,1,4,1,12,Selector
2,1,4,1,12,Valve
3,1,4,1,12,(Pull
4,1,4,1,12,From
5,1,4,1,12,Truck
6,1,4,1,12,Tank)
0,0,5,1,12,Start
1,0,5,1,12,Up
0,0,6,1,12,Start
1,0,6,1,12,Up
0,0,0,0,13,Figure
1,0,0,0,13,72.
2,0,0,0,13,Fuel
3,0,0,0,13,Supply
4,0,0,0,13,Connections
0,1,0,0,13,Figure
1,1,0,0,13,71.
2,1,0,0,13,Battery
3,1,0,0,13,Terminals
0,0,0,0,14,Number
1,0,0,0,14,Name
2,0,0,0,14,Diameter
3,0,0,0,14,Fittings
4,0,0,0,14,Length
5,0,0,0,14,Magnets
0,1,0,0,14,Diameter
1,1,0,0,14,&
0,2,0,0,14,Material
0,3,0,0,14,Fittings
1,3,0,0,14,Label
0,4,0,0,14,Agitator
1,4,0,0,14,"1"""
2,4,0,0,14,F-F
3,4,0,0,14,8'
4,4,0,0,14,"1"""
5,4,0,0,14,Red
6,4,0,0,14,Booster
7,4,0,0,14,Hose
8,4,0,0,14,Material
9,4,0,0,14,"1"""
10,4,0,0,14,Instalock
11,4,0,0,14,F-F
12,4,0,0,14,YELLOW
0,5,0,0,14,Agitator
1,5,0,0,14,Trailer
2,5,0,0,14,"1"""
3,5,0,0,14,F-F
4,5,0,0,14,35'
5,5,0,0,14,2
6,5,0,0,14,Magnets
0,6,0,0,14,"1"""
1,6,0,0,14,Red
2,6,0,0,14,Booster
3,6,0,0,14,Hose
4,6,0,0,14,Material
0,7,0,0,14,"1"""
1,7,0,0,14,Instalock
2,7,0,0,14,F-F
0,8,0,0,14,YELLOW
1,8,0,0,14,X2
0,9,0,0,14,"/2"""
1,9,0,0,14,Red
2,9,0,0,14,Booster
3,9,0,0,14,Hose
4,9,0,0,14,Material
0,10,0,0,14,"/2"""
1,10,0,0,14,EZLink
2,10,0,0,14,F-F
0,11,0,0,14,RED
0,12,0,0,14,"5,6"
0,13,0,0,14,"/2"""
1,13,0,0,14,F-F
2,13,0,0,14,2
3,13,0,0,14,X
4,13,0,0,14,1'
0,14,0,0,14,"/2"""
1,14,0,0,14,Red
2,14,0,0,14,Booster
3,14,0,0,14,Hose
4,14,0,0,14,Material
0,15,0,0,14,"/2"""
1,15,0,0,14,EZLink
2,15,0,0,14,F-F
0,16,0,0,14,RED
1,16,0,0,14,X2
0,17,0,0,14,Draft
1,17,0,0,14,(Vertical)
2,17,0,0,14,1
3,17,0,0,14,""""
4,17,0,0,14,M-M
5,17,0,0,14,20'
0,18,0,0,14,"/2"""
1,18,0,0,14,Cam-Lock
2,18,0,0,14,M-M
0,19,0,0,14,BLUE
0,20,0,0,14,Draft
1,20,0,0,14,(Horizontal)
2,20,0,0,14,1
3,20,0,0,14,"/2"""
4,20,0,0,14,M-M
5,20,0,0,14,60'
0,21,0,0,14,"/2"""
1,21,0,0,14,Cam-Lock
2,21,0,0,14,M-M
0,22,0,0,14,BLUE
1,22,0,0,14,X2
0,23,0,0,14,Hopper/
1,23,0,0,14,Blender
0,24,0,0,14,"/2"""
1,24,0,0,14,F-F
2,24,0,0,14,35'
0,25,0,0,14,"/2"""
1,25,0,0,14,Red
2,25,0,0,14,Booster
3,25,0,0,14,Hose
4,25,0,0,14,Material
0,26,0,0,14,"/2"""
1,26,0,0,14,EZLink
2,26,0,0,14,F-F
0,27,0,0,14,WHITE
0,28,0,0,14,Hopper/
1,28,0,0,14,Monitor
0,29,0,0,14,"/2"""
1,29,0,0,14,F-F
2,29,0,0,14,17'
0,30,0,0,14,"/2"""
1,30,0,0,14,Red
2,30,0,0,14,Booster
3,30,0,0,14,Hose
4,30,0,0,14,Material
0,31,0,0,14,"/2"""
1,31,0,0,14,EZLink
2,31,0,0,14,F-F
0,32,0,0,14,PURPLE
0,33,0,0,14,Spray
1,33,0,0,14,"Bar,"
2,33,0,0,14,Front
3,33,0,0,14,(FSB)
4,33,0,0,14,1
5,33,0,0,14,""""
6,33,0,0,14,F-F
7,33,0,0,14,25'
8,33,0,0,14,2
9,33,0,0,14,Magnets
0,34,0,0,14,"1"""
1,34,0,0,14,Red
2,34,0,0,14,Booster
3,34,0,0,14,Hose
4,34,0,0,14,Material
0,35,0,0,14,"1"""
1,35,0,0,14,Instalock
2,35,0,0,14,F-F
0,36,0,0,14,GREEN
0,37,0,0,14,"12,13"
1,37,0,0,14,Spray
2,37,0,0,14,"Bar,"
3,37,0,0,14,Rear
4,37,0,0,14,(RSB)
5,37,0,0,14,"1"""
6,37,0,0,14,F-F
7,37,0,0,14,2
8,37,0,0,14,X
9,37,0,0,14,15'
10,37,0,0,14,2
11,37,0,0,14,Magnets
0,38,0,0,14,"1"""
1,38,0,0,14,Red
2,38,0,0,14,Booster
3,38,0,0,14,Hose
4,38,0,0,14,Material
0,39,0,0,14,"1"""
1,39,0,0,14,Instalock
2,39,0,0,14,F-F
0,40,0,0,14,ORANGE
0,41,0,0,14,Suction
1,41,0,0,14,Main
2,41,0,0,14,Tank
3,41,0,0,14,1
4,41,0,0,14,"/2"""
5,41,0,0,14,F-F
6,41,0,0,14,"40"""
0,42,0,0,14,"/2"""
1,42,0,0,14,Instalock
2,42,0,0,14,F-
3,42,0,0,14,F
0,43,0,0,14,BLACK
0,44,0,0,14,Suction
1,44,0,0,14,Trailer
2,44,0,0,14,Tank
3,44,0,0,14,1
4,44,0,0,14,"/2"""
5,44,0,0,14,F-F
6,44,0,0,14,25'
0,45,0,0,14,"/2"""
1,45,0,0,14,Instalock
2,45,0,0,14,F-
3,45,0,0,14,F
0,46,0,0,14,BLACK
1,46,0,0,14,X2
0,47,0,0,14,Bands)
1,47,0,0,14,Hoses
0,48,0,0,14,Hoses
0,49,0,0,14,Hopper
1,49,0,0,14,Blender
2,49,0,0,14,Hose
3,49,0,0,14,(White
4,49,0,0,14,Band)
0,50,0,0,14,Figure
1,50,0,0,14,19.
2,50,0,0,14,Hopper-Blender
3,50,0,0,14,Hose
4,50,0,0,14,(White
5,50,0,0,14,Band)
0,51,0,0,14,Monitor
1,51,0,0,14,Hose
2,51,0,0,14,(Purple
3,51,0,0,14,Band)
0,52,0,0,14,Figure
1,52,0,0,14,20.
2,52,0,0,14,Monitor
3,52,0,0,14,Hose
4,52,0,0,14,(Purple
5,52,0,0,14,Band)
0,53,0,0,14,Front
1,53,0,0,14,Spray
2,53,0,0,14,Bar
3,53,0,0,14,Hose
4,53,0,0,14,(Green
5,53,0,0,14,Band)
0,54,0,0,14,Figure
1,54,0,0,14,21.
2,54,0,0,14,Front
3,54,0,0,14,Spray
4,54,0,0,14,Bar
5,54,0,0,14,Hose
6,54,0,0,14,(Green
7,54,0,0,14,Band)
0,55,0,0,14,Rear
1,55,0,0,14,Spray
2,55,0,0,14,Bar
3,55,0,0,14,Hoses
4,55,0,0,14,(Orange
5,55,0,0,14,Bands)
0,56,0,0,14,Figure
1,56,0,0,14,"22,"
2,56,0,0,14,Rear
3,56,0,0,14,Spray
4,56,0,0,14,Bar
5,56,0,0,14,Hose
6,56,0,0,14,(Orange
7,56,0,0,14,Band)
0,57,0,0,14,Band)
0,0,0,1,14,Function
1,0,0,1,14,Label
2,0,0,1,14,Color
0,1,0,1,14,Associated
1,1,0,1,14,Hose
2,1,0,1,14,Color
0,2,0,1,14,Associated
1,2,0,1,14,Hose
2,2,0,1,14,Material
0,3,0,1,14,Discharge
1,3,0,1,14,#1
2,3,0,1,14,&
3,3,0,1,14,#2
0,4,0,1,14,RED
0,5,0,1,14,RED
0,6,0,1,14,Draft
1,6,0,1,14,Input
0,7,0,1,14,BLUE
0,8,0,1,14,Blue
0,9,0,1,14,Agitator
0,10,0,1,14,YELLOW
0,11,0,1,14,Red
1,11,0,1,14,6'
2,11,0,1,14,X
3,11,0,1,14,1”
4,11,0,1,14,Booster
0,12,0,1,14,Front
1,12,0,1,14,Spray
2,12,0,1,14,Bar
0,13,0,1,14,GREEN
0,14,0,1,14,Red
1,14,0,1,14,25'
2,14,0,1,14,X
3,14,0,1,14,1”
4,14,0,1,14,Booster
0,15,0,1,14,Rear
1,15,0,1,14,Spray
2,15,0,1,14,Bar
0,16,0,1,14,ORANGE
0,17,0,1,14,Monitor
0,18,0,1,14,PURPLE
0,19,0,1,14,Red
1,19,0,1,14,17'
2,19,0,1,14,X
3,19,0,1,14,1
4,19,0,1,14,½”
5,19,0,1,14,Booster
6,19,0,1,14,Draft
7,19,0,1,14,Output
8,19,0,1,14,(Hopper/Blender)
0,20,0,1,14,WHITE
0,21,0,1,14,Red
1,21,0,1,14,35'
2,21,0,1,14,X
3,21,0,1,14,1
4,21,0,1,14,½”
5,21,0,1,14,Booster
0,22,0,1,14,Fluid
1,22,0,1,14,Input
2,22,0,1,14,(Suction)
0,23,0,1,14,BLACK
0,24,0,1,14,Blue
0,0,0,0,15,Front
1,0,0,0,15,Spray
2,0,0,0,15,Bar
0,1,0,0,15,Rear
1,1,0,0,15,Spray
2,1,0,0,15,Bar
0,2,0,0,15,Rear
1,2,0,0,15,Spray
2,2,0,0,15,Bar
0,3,0,0,15,Magnets
0,0,0,0,16,Winterization/Blow-Down:
0,0,0,0,17,PROBLEM
0,1,0,0,17,CORRECTIVE
1,1,0,0,17,ACTION
2,1,0,0,17,REFERENCE
3,1,0,0,17,NUMBER(S)
0,2,0,0,17,(Continuing
1,2,0,0,17,13.1
2,2,0,0,17,Trouble
3,2,0,0,17,Shooting
4,2,0,0,17,-
5,2,0,0,17,Problems)
0,3,0,0,17,PROBLEM
0,4,0,0,17,CORRECTIVE
1,4,0,0,17,ACTION
2,4,0,0,17,REFERENCE
3,4,0,0,17,NUMBER(S)
0,5,0,0,17,"2,"
1,5,0,0,17,"3,"
2,5,0,0,17,"4,"
3,5,0,0,17,"15,"
4,5,0,0,17,"16,"
5,5,0,0,17,"17,"
6,5,0,0,17,"18,"
7,5,0,0,17,19
0,0,0,1,17,REF
1,0,0,1,17,#
2,0,0,1,17,POSSIBLE
3,0,0,1,17,CAUSES
4,0,0,1,17,CORRECTIVE
5,0,0,1,17,ACTION(S)
0,1,0,1,17,(Continuing
1,1,0,1,17,13.3
2,1,0,1,17,Trouble
3,1,0,1,17,Shooting
4,1,0,1,17,-
5,1,0,1,17,Corrective
6,1,0,1,17,Actions)
0,2,0,1,17,REF
1,2,0,1,17,#
2,2,0,1,17,POSSIBLE
3,2,0,1,17,CAUSES
4,2,0,1,17,CORRECTIVE
5,2,0,1,17,ACTION(S)
0,3,0,1,17,(Continuing
1,3,0,1,17,13.3
2,3,0,1,17,Trouble
3,3,0,1,17,Shooting
4,3,0,1,17,–
5,3,0,1,17,Corrective
6,3,0,1,17,Actions)
0,4,0,1,17,REF
1,4,0,1,17,#
2,4,0,1,17,POSSIBLE
3,4,0,1,17,CAUSES
4,4,0,1,17,CORRECTIVE
5,4,0,1,17,ACTION(S)
0,5,0,1,17,(Continuing
1,5,0,1,17,13.3
2,5,0,1,17,Trouble
3,5,0,1,17,Shooting
4,5,0,1,17,–
5,5,0,1,17,Corrective
6,5,0,1,17,Actions)
0,6,0,1,17,REF
1,6,0,1,17,#
2,6,0,1,17,POSSIBLE
3,6,0,1,17,CAUSES
4,6,0,1,17,CORRECTIVE
5,6,0,1,17,ACTION(S)
0,0,0,0,18,MAKING
1,0,0,0,18,STB
2,0,0,0,18,DECONTAMINATING
3,0,0,0,18,AGENT
4,0,0,0,18,SLURRY
0,1,0,0,18,PREPARATION
1,1,0,0,18,OF
2,1,0,0,18,THE
3,1,0,0,18,POWER
4,1,0,0,18,UNIT
5,1,0,0,18,FOR
6,1,0,0,18,MIXING
7,1,0,0,18,SLURRY
8,1,0,0,18,:
0,2,0,0,18,CONFIGURATION
1,2,0,0,18,OF
2,2,0,0,18,THE
3,2,0,0,18,TANKS
4,2,0,0,18,AND
5,2,0,0,18,HOSES
0,3,0,0,18,Truck
1,3,0,0,18,only
0,4,0,0,18,Single
1,4,0,0,18,Black
0,5,0,0,18,Double
1,5,0,0,18,Black
0,6,0,0,18,Double
1,6,0,0,18,Red
2,6,0,0,18,Single
3,6,0,0,18,Yellow
0,7,0,0,18,White
1,7,0,0,18,Double
2,7,0,0,18,Yellow
0,8,0,0,18,VMDS
1,8,0,0,18,STB
2,8,0,0,18,Slurry
3,8,0,0,18,Mixing
0,9,0,0,18,Proportions
0,10,0,0,18,Standard
1,10,0,0,18,M12A1-sized
2,10,0,0,18,Batch
0,11,0,0,18,LBS
0,12,0,0,18,50#
1,12,0,0,18,Drums
0,13,0,0,18,Gallons
0,14,0,0,18,Relative
1,14,0,0,18,Percent
2,14,0,0,18,(W/W)
0,15,0,0,18,YIELD
0,16,0,0,18,LBS
0,17,0,0,18,50#
1,17,0,0,18,Drums
0,18,0,0,18,Gallons
0,19,0,0,18,Relative
1,19,0,0,18,Percent
2,19,0,0,18,(W/W)
0,20,0,0,18,YIELD
0,21,0,0,18,CAUTION
0,22,0,0,18,NOTE
0,23,0,0,18,NOTE
0,24,0,0,18,CAUTION
0,25,0,0,18,AGITATING
1,25,0,0,18,SLURRY
2,25,0,0,18,IN
3,25,0,0,18,TANK
4,25,0,0,18,UNIT
0,26,0,0,18,CAUTION
0,27,0,0,18,CAUTION
0,28,0,0,18,"SLURRY,"
1,28,0,0,18,IT
2,28,0,0,18,MAY
3,28,0,0,18,BE
4,28,0,0,18,DESIRED
5,28,0,0,18,TO
6,28,0,0,18,SPRAY
7,28,0,0,18,SLURRY
8,28,0,0,18,WITH
9,28,0,0,18,THE
10,28,0,0,18,FRONT
11,28,0,0,18,SPRAY
12,28,0,0,18,BAR.
0,29,0,0,18,TO
1,29,0,0,18,DO
2,29,0,0,18,THIS
3,29,0,0,18,"OPERATION,"
4,29,0,0,18,YOU
5,29,0,0,18,WILL
6,29,0,0,18,NEED
7,29,0,0,18,TO
8,29,0,0,18,CONTINUE
9,29,0,0,18,AGITATION
10,29,0,0,18,WHILE
0,30,0,0,18,SPRAYING.
1,30,0,0,18,YOU
2,30,0,0,18,WILL
3,30,0,0,18,USE
4,30,0,0,18,THE
5,30,0,0,18,AGITATOR
6,30,0,0,18,FUNCTION
7,30,0,0,18,ON
8,30,0,0,18,SELECTOR
9,30,0,0,18,VALVE
10,30,0,0,18,#1
0,31,0,0,18,AND
1,31,0,0,18,THE
2,31,0,0,18,“REAR
3,31,0,0,18,SPRAY
4,31,0,0,18,BAR”
5,31,0,0,18,FUNCTION
6,31,0,0,18,ON
7,31,0,0,18,SELECTOR
8,31,0,0,18,VALVE
9,31,0,0,18,#2
10,31,0,0,18,BUT
11,31,0,0,18,CONNECT
0,32,0,0,18,THE
1,32,0,0,18,FRONT
2,32,0,0,18,SPRAY
3,32,0,0,18,BAR
4,32,0,0,18,HOSE
5,32,0,0,18,(GREEN
6,32,0,0,18,BAND)
7,32,0,0,18,TO
8,32,0,0,18,THE
9,32,0,0,18,REAR
10,32,0,0,18,SPRAY
11,32,0,0,18,BAR
12,32,0,0,18,OUTLET
0,33,0,0,18,(ORANGE)
1,33,0,0,18,ON
2,33,0,0,18,THE
3,33,0,0,18,BACK
4,33,0,0,18,OF
5,33,0,0,18,THE
6,33,0,0,18,POWER
7,33,0,0,18,UNIT.
0,34,0,0,18,NOTE:
1,34,0,0,18,YOU
2,34,0,0,18,WILL
3,34,0,0,18,ONLY
4,34,0,0,18,BE
5,34,0,0,18,ABLE
6,34,0,0,18,TO
7,34,0,0,18,DISPENSE
8,34,0,0,18,SLURRY
9,34,0,0,18,THROUGH
10,34,0,0,18,EITHER
11,34,0,0,18,THE
0,35,0,0,18,FRONT
1,35,0,0,18,OR
2,35,0,0,18,REAR
3,35,0,0,18,SPRAY
4,35,0,0,18,BAR
5,35,0,0,18,BUT
6,35,0,0,18,NOT
7,35,0,0,18,BOTH
8,35,0,0,18,AT
9,35,0,0,18,THE
10,35,0,0,18,SAME
11,35,0,0,18,TIME.
12,35,0,0,18,DO
13,35,0,0,18,NOT
14,35,0,0,18,USE
15,35,0,0,18,A
0,36,0,0,18,FOG
1,36,0,0,18,NOZZLE
2,36,0,0,18,AS
3,36,0,0,18,IT
4,36,0,0,18,WILL
5,36,0,0,18,CLOG
6,36,0,0,18,WITH
7,36,0,0,18,SLURRY;
8,36,0,0,18,USE
9,36,0,0,18,A
10,36,0,0,18,SHAPER
11,36,0,0,18,TIP
12,36,0,0,18,NOZZLE
13,36,0,0,18,(RED
0,37,0,0,18,PLASTIC
1,37,0,0,18,OR
2,37,0,0,18,STAINLESS
3,37,0,0,18,STEEL).
0,38,0,0,18,A-1:
1,38,0,0,18,HMDS
2,38,0,0,18,STB
3,38,0,0,18,Mixing
4,38,0,0,18,"Requirements,"
5,38,0,0,18,"V1,"
6,38,0,0,18,08
7,38,0,0,18,May
8,38,0,0,18,"8,"
9,38,0,0,18,2019
0,39,0,0,18,Appendix
1,39,0,0,18,A
2,39,0,0,18,TM
3,39,0,0,18,3-4230-237-10
4,39,0,0,18,0008
0,40,0,0,18,OPERATOR
1,40,0,0,18,MAINTENANCE
2,40,0,0,18,OPERATION
3,40,0,0,18,UNDER
4,40,0,0,18,USUAL
5,40,0,0,18,CONDITIONS
6,40,0,0,18,SPRAYING
7,40,0,0,18,DECONTAMINANT
8,40,0,0,18,SOLUTION
0,41,0,0,18,INITIAL
1,41,0,0,18,SETUP:
0,42,0,0,18,Materials/Parts
1,42,0,0,18,Materials/Parts
2,42,0,0,18,(cont.)
3,42,0,0,18,Antifoam
4,42,0,0,18,"Compound,"
5,42,0,0,18,Silicone
6,42,0,0,18,(WP
7,42,0,0,18,"0029,"
8,42,0,0,18,Table
9,42,0,0,18,"1,"
10,42,0,0,18,Sodium
11,42,0,0,18,Carbonate
12,42,0,0,18,(WP
13,42,0,0,18,"0029,"
14,42,0,0,18,Table
15,42,0,0,18,"1,"
16,42,0,0,18,Item
17,42,0,0,18,21)
18,42,0,0,18,Item
19,42,0,0,18,2)
20,42,0,0,18,Sodium
21,42,0,0,18,"Hydroxide,"
22,42,0,0,18,Technical
23,42,0,0,18,(WP
24,42,0,0,18,"0029,"
25,42,0,0,18,Table
26,42,0,0,18,"1,"
27,42,0,0,18,Antisetting
28,42,0,0,18,"Compound,"
29,42,0,0,18,Decontaminating
30,42,0,0,18,Slurry
31,42,0,0,18,Item
32,42,0,0,18,22)
33,42,0,0,18,(WP
34,42,0,0,18,"0029,"
35,42,0,0,18,Table
36,42,0,0,18,"1,"
37,42,0,0,18,Item
38,42,0,0,18,3)
39,42,0,0,18,Decontaminating
40,42,0,0,18,Agent
41,42,0,0,18,STB
42,42,0,0,18,(WP
43,42,0,0,18,"0029,"
44,42,0,0,18,Table
45,42,0,0,18,"1,"
0,43,0,0,18,References
1,43,0,0,18,Item
2,43,0,0,18,8)
3,43,0,0,18,FM
4,43,0,0,18,3-11.5
5,43,0,0,18,"Detergent,"
6,43,0,0,18,General
7,43,0,0,18,Purpose
8,43,0,0,18,(WP
9,43,0,0,18,"0029,"
10,43,0,0,18,Table
11,43,0,0,18,"1,"
12,43,0,0,18,TM
13,43,0,0,18,10-8415-220-10
14,43,0,0,18,Item
15,43,0,0,18,9)
16,43,0,0,18,WP
17,43,0,0,18,0006
18,43,0,0,18,"Disinfectant,"
19,43,0,0,18,Calcium
20,43,0,0,18,Hypochlorite
21,43,0,0,18,(WP
22,43,0,0,18,"0029,"
23,43,0,0,18,WP
24,43,0,0,18,0007
25,43,0,0,18,Table
26,43,0,0,18,"1,"
27,43,0,0,18,Item
28,43,0,0,18,10)
29,43,0,0,18,WP
30,43,0,0,18,0011
31,43,0,0,18,Foam
32,43,0,0,18,"Liquid,"
33,43,0,0,18,Fire
34,43,0,0,18,Extinguishing
35,43,0,0,18,(WP
36,43,0,0,18,"0029,"
37,43,0,0,18,Table
38,43,0,0,18,"1,"
39,43,0,0,18,Item
40,43,0,0,18,12)
0,44,0,0,18,MAKING
1,44,0,0,18,SUPER
2,44,0,0,18,TROPICAL
3,44,0,0,18,BLEACH
4,44,0,0,18,(STB)
5,44,0,0,18,DECONTAMINATING
6,44,0,0,18,AGENT
7,44,0,0,18,SLURRY
0,45,0,0,18,WARNING
0,46,0,0,18,General
0,47,0,0,18,0008-1
0,48,0,0,18,TM
1,48,0,0,18,3-4230-237-10
2,48,0,0,18,0008
0,49,0,0,18,MAKING
1,49,0,0,18,SUPER
2,49,0,0,18,TROPICAL
3,49,0,0,18,BLEACH
4,49,0,0,18,(STB)
5,49,0,0,18,DECONTAMINATING
6,49,0,0,18,AGENT
7,49,0,0,18,SLURRY
8,49,0,0,18,-
9,49,0,0,18,Continued
0,50,0,0,18,M2
1,50,0,0,18,Antiset
0,51,0,0,18,Figure
1,51,0,0,18,1
2,51,0,0,18,.
3,51,0,0,18,Making
4,51,0,0,18,STB
5,51,0,0,18,Decontaminating
6,51,0,0,18,Agent
7,51,0,0,18,Slurry.
0,52,0,0,18,Silicone
1,52,0,0,18,Antifoam
2,52,0,0,18,Agent
0,53,0,0,18,Figure
1,53,0,0,18,2.
2,53,0,0,18,Making
3,53,0,0,18,STB
4,53,0,0,18,Decontaminating
5,53,0,0,18,Agent
6,53,0,0,18,Slurry.
0,54,0,0,18,0008-2
0,55,0,0,18,TM
1,55,0,0,18,3-4230-237-10
2,55,0,0,18,0008
0,56,0,0,18,MAKING
1,56,0,0,18,SUPER
2,56,0,0,18,TROPICAL
3,56,0,0,18,BLEACH
4,56,0,0,18,(STB)
5,56,0,0,18,DECONTAMINATING
6,56,0,0,18,AGENT
7,56,0,0,18,SLURRY
8,56,0,0,18,–
9,56,0,0,18,Continued
0,57,0,0,18,STB
1,57,0,0,18,Decontaminating
2,57,0,0,18,Agent
0,58,0,0,18,WARNING
0,59,0,0,18,NOTE
0,60,0,0,18,Figure
1,60,0,0,18,3.
2,60,0,0,18,Making
3,60,0,0,18,STB
4,60,0,0,18,Decontaminating
5,60,0,0,18,Agent
6,60,0,0,18,Slurry.
0,61,0,0,18,0008-3
0,62,0,0,18,TM
1,62,0,0,18,3-4230-237-10
2,62,0,0,18,0008
0,63,0,0,18,MAKING
1,63,0,0,18,SUPER
2,63,0,0,18,TROPICAL
3,63,0,0,18,BLEACH
4,63,0,0,18,(STB)
5,63,0,0,18,DECONTAMINATING
6,63,0,0,18,AGENT
7,63,0,0,18,SLURRY
8,63,0,0,18,–
9,63,0,0,18,Continued
0,64,0,0,18,0008-6
